Order,Seasonal_Order,AIC,BIC
"(0, 0, 0)","(0, 0, 0, 12)",6221.8888131433605,6226.178528714269
"(0, 0, 0)","(0, 0, 1, 12)",5442.318464257253,5450.852865354336
"(0, 0, 0)","(0, 0, 2, 12)",4812.956405697667,4825.688906399658
"(0, 0, 0)","(0, 1, 0, 12)",3211.229409412341,3215.4966099608823
"(0, 0, 0)","(0, 1, 1, 12)",2981.642552189331,2990.1308859906585
"(0, 0, 0)","(0, 1, 2, 12)",2853.93553487515,2866.597305385449
"(0, 0, 0)","(0, 2, 0, 12)",3615.7891270283735,3620.0332939290374
"(0, 0, 0)","(0, 2, 1, 12)",3053.4282064673134,3061.869386807513
"(0, 0, 0)","(0, 2, 2, 12)",2893.074554308917,2905.6638866923004
"(0, 0, 0)","(1, 0, 0, 12)",3245.858889649038,3254.39708221645
"(0, 0, 0)","(1, 0, 1, 12)",3119.8574878815216,3132.6590895271456
"(0, 0, 0)","(1, 0, 2, 12)",2965.484162145107,2982.4608297477616
"(0, 0, 0)","(1, 1, 0, 12)",3014.180862854093,3022.673076385056
"(0, 0, 0)","(1, 1, 1, 12)",2959.2406037534192,2971.9731044554105
"(0, 0, 0)","(1, 1, 2, 12)",2850.2708436628,2867.153204343199
"(0, 0, 0)","(1, 2, 0, 12)",3260.9541992214945,3269.3993517576373
"(0, 0, 0)","(1, 2, 1, 12)",2994.3406353516443,3007.0024058619433
"(0, 0, 0)","(1, 2, 2, 12)",2870.0750899615746,2886.8608664727526
"(0, 0, 0)","(2, 0, 0, 12)",3015.8564701189634,3028.594790415408
"(0, 0, 0)","(2, 0, 1, 12)",2980.413733018265,2997.3981600801912
"(0, 0, 0)","(2, 0, 2, 12)",2966.682140600796,2987.902975104115
"(0, 0, 0)","(2, 1, 0, 12)",2881.5764155487095,2894.2441443529237
"(0, 0, 0)","(2, 1, 1, 12)",2850.006843170755,2866.8971482430406
"(0, 0, 0)","(2, 1, 2, 12)",2848.4150921317055,2869.518042982204
"(0, 0, 0)","(2, 2, 0, 12)",3074.286868828727,3086.882304978204
"(0, 0, 0)","(2, 2, 1, 12)",2870.9520386827126,2887.745953548682
"(0, 0, 0)","(2, 2, 2, 12)",2860.6125253671553,2881.594746006128
"(0, 0, 1)","(0, 0, 0, 12)",5516.864087137177,5525.4398042575
"(0, 0, 1)","(0, 0, 1, 12)",4841.302453968128,4854.098357606342
"(0, 0, 1)","(0, 0, 2, 12)",4434.34486054105,4451.313753602871
"(0, 0, 1)","(0, 1, 0, 12)",3124.464285762696,3132.9948881881714
"(0, 0, 1)","(0, 1, 1, 12)",2898.4958202095604,2911.222490005926
"(0, 0, 1)","(0, 1, 2, 12)",2774.2714272791677,2791.1458277579345
"(0, 0, 1)","(0, 2, 0, 12)",3559.0153682453392,3567.4998147762494
"(0, 0, 1)","(0, 2, 1, 12)",3002.7262305195427,3015.382030878618
"(0, 0, 1)","(0, 2, 2, 12)",2813.488883502752,2830.2665050671703
"(0, 0, 1)","(1, 0, 0, 12)",3177.633263220049,3190.4405520711675
"(0, 0, 1)","(1, 0, 1, 12)",2995.772336022587,3012.8335408735375
"(0, 0, 1)","(1, 0, 2, 12)",2881.7455992535233,2902.956715580799
"(0, 0, 1)","(1, 1, 0, 12)",2960.0328781908856,2972.7711984873304
"(0, 0, 1)","(1, 1, 1, 12)",2863.130718887493,2880.099611949314
"(0, 0, 1)","(1, 1, 2, 12)",2770.7603586526643,2791.853359251123
"(0, 0, 1)","(1, 2, 0, 12)",3234.107411415672,3246.775140219886
"(0, 0, 1)","(1, 2, 1, 12)",2934.991350586921,2951.8657510656876
"(0, 0, 1)","(1, 2, 2, 12)",2794.619233564547,2815.59126052007
"(0, 0, 1)","(2, 0, 0, 12)",2961.923646676757,2978.9080737386835
"(0, 0, 1)","(2, 0, 1, 12)",2892.9018312375065,2914.132365064914
"(0, 0, 1)","(2, 0, 2, 12)",2886.6625956156586,2912.1159352083896
"(0, 0, 1)","(2, 1, 0, 12)",2824.30356954725,2841.1938746195356
"(0, 0, 1)","(2, 1, 1, 12)",2785.0807260558618,2806.193607396219
"(0, 0, 1)","(2, 1, 2, 12)",2772.206006617851,2797.517607336001
"(0, 0, 1)","(2, 2, 0, 12)",3031.4033945372694,3048.1973094032387
"(0, 0, 1)","(2, 2, 1, 12)",2814.9952753989855,2835.987668981447
"(0, 0, 1)","(2, 2, 2, 12)",2794.9225091032245,2820.0889414498524
"(0, 0, 2)","(0, 0, 0, 12)",4956.571171818411,4969.429166101938
"(0, 0, 2)","(0, 0, 1, 12)",4405.677513043362,4422.731106093728
"(0, 0, 2)","(0, 0, 2, 12)",4112.815112536354,4134.016491762208
"(0, 0, 2)","(0, 1, 0, 12)",3083.8565247685374,3096.6467195563123
"(0, 0, 2)","(0, 1, 1, 12)",2844.156894487823,2861.1179978685063
"(0, 0, 2)","(0, 1, 2, 12)",2729.1042793176566,2750.187309823081
"(0, 0, 2)","(0, 2, 0, 12)",3530.8830869787207,3543.603914514233
"(0, 0, 2)","(0, 2, 1, 12)",2978.730320364545,2995.5967447688845
"(0, 0, 2)","(0, 2, 2, 12)",2766.3154584072945,2787.277270854669
"(0, 0, 2)","(1, 0, 0, 12)",3144.346123509971,3161.4225086447964
"(0, 0, 2)","(1, 0, 1, 12)",2924.792411178698,2946.109402491656
"(0, 0, 2)","(1, 0, 2, 12)",2847.3149151177695,2872.7565701887943
"(0, 0, 2)","(1, 1, 0, 12)",2933.550577801429,2950.5350048633554
"(0, 0, 2)","(1, 1, 1, 12)",2829.731020610183,2850.932399836037
"(0, 0, 2)","(1, 1, 2, 12)",2730.0553928051877,2755.3550294116967
"(0, 0, 2)","(1, 2, 0, 12)",3223.7047421583234,3240.595047230609
"(0, 0, 2)","(1, 2, 1, 12)",2901.098991334663,2922.182021840087
"(0, 0, 2)","(1, 2, 2, 12)",2751.7855980014956,2776.939772938345
"(0, 0, 2)","(2, 0, 0, 12)",2935.535766401772,2956.7663002291797
"(0, 0, 2)","(2, 0, 1, 12)",2861.9604179962303,2887.4370585891197
"(0, 0, 2)","(2, 0, 2, 12)",2834.990654942049,2864.6725858582445
"(0, 0, 2)","(2, 1, 0, 12)",2800.3887092290097,2821.5015905693667
"(0, 0, 2)","(2, 1, 1, 12)",2750.3597052993523,2775.6951629077803
"(0, 0, 2)","(2, 1, 2, 12)",2730.175997336371,2759.692240043965
"(0, 0, 2)","(2, 2, 0, 12)",3018.9622673766116,3039.954660959073
"(0, 0, 2)","(2, 2, 1, 12)",2791.7796361521555,2816.9705084511093
"(0, 0, 2)","(2, 2, 2, 12)",2754.1341075124083,2783.4806449387324
"(0, 1, 0)","(0, 0, 0, 12)",3250.666535085148,3254.9543936453097
"(0, 1, 0)","(0, 0, 1, 12)",3130.023429031995,3138.5540314574705
"(0, 1, 0)","(0, 0, 2, 12)",3054.6870468907896,3067.413716687155
"(0, 1, 0)","(0, 1, 0, 12)",3294.263874070096,3298.5291752828334
"(0, 1, 0)","(0, 1, 1, 12)",2932.7212072954144,2941.2056538263246
"(0, 1, 0)","(0, 1, 2, 12)",2852.1463546649106,2864.802155023986
"(0, 1, 0)","(0, 2, 0, 12)",3775.2876812650966,3779.529904530552
"(0, 1, 0)","(0, 2, 1, 12)",3189.8611529098007,3198.298353149184
"(0, 1, 0)","(0, 2, 2, 12)",2854.6415132492807,2867.224729422595
"(0, 1, 0)","(1, 0, 0, 12)",3111.4051348978082,3119.939535994891
"(0, 1, 0)","(1, 0, 1, 12)",3002.2383958563623,3015.0342994945754
"(0, 1, 0)","(1, 0, 2, 12)",2938.50679726352,2955.475690325341
"(0, 1, 0)","(1, 1, 0, 12)",3114.1662777323877,3122.654611533715
"(0, 1, 0)","(1, 1, 1, 12)",2934.42688965252,2947.1535594488855
"(0, 1, 0)","(1, 1, 2, 12)",2846.646051216509,2863.520451695276
"(0, 1, 0)","(1, 2, 0, 12)",3446.9978578073783,3455.439038147578
"(0, 1, 0)","(1, 2, 1, 12)",3091.6685729256596,3104.324373284735
"(0, 1, 0)","(1, 2, 2, 12)",2856.6333658121566,2873.410987376575
"(0, 1, 0)","(2, 0, 0, 12)",3028.122881486838,3040.8553821888295
"(0, 1, 0)","(2, 0, 1, 12)",2944.4835500269983,2961.460217629653
"(0, 1, 0)","(2, 0, 2, 12)",2933.922777991005,2955.133894318281
"(0, 1, 0)","(2, 1, 0, 12)",2950.6428011853923,2963.3045716956913
"(0, 1, 0)","(2, 1, 1, 12)",2875.3943465270513,2892.2767072074503
"(0, 1, 0)","(2, 1, 2, 12)",2855.054083141994,2876.1470837404527
"(0, 1, 0)","(2, 2, 0, 12)",3202.308735760108,3214.8980681434914
"(0, 1, 0)","(2, 2, 1, 12)",2938.2090765785624,2954.9948530897404
"(0, 1, 0)","(2, 2, 2, 12)",2888.33720749894,2909.3092344544634
"(0, 1, 1)","(0, 0, 0, 12)",3246.5182843060948,3255.0902804951124
"(0, 1, 1)","(0, 0, 1, 12)",3111.233359838475,3124.0235546262497
"(0, 1, 1)","(0, 0, 2, 12)",3021.647624598522,3038.608727979205
"(0, 1, 1)","(0, 1, 0, 12)",3157.0035084111655,3165.530304936349
"(0, 1, 1)","(0, 1, 1, 12)",2809.0690579943343,2821.7898855298467
"(0, 1, 1)","(0, 1, 2, 12)",2701.6141624907323,2718.4805868950716
"(0, 1, 1)","(0, 2, 0, 12)",3623.5751346107036,3632.055686301045
"(0, 1, 1)","(0, 2, 1, 12)",3014.329584905457,3026.9794032087116
"(0, 1, 1)","(0, 2, 2, 12)",2735.369290413585,2752.1387403714843
"(0, 1, 1)","(1, 0, 0, 12)",3065.5887322740773,3078.3903339197013
"(0, 1, 1)","(1, 0, 1, 12)",2893.5339969458496,2910.587589996216
"(0, 1, 1)","(1, 0, 2, 12)",2809.5408667457777,2830.7422459716317
"(0, 1, 1)","(1, 1, 0, 12)",2963.857946109676,2976.5904468116673
"(0, 1, 1)","(1, 1, 1, 12)",2804.808304988501,2821.769408369184
"(0, 1, 1)","(1, 1, 2, 12)",2703.5622949583994,2724.6453254638236
"(0, 1, 1)","(1, 2, 0, 12)",3263.1928978129363,3275.8546683232353
"(0, 1, 1)","(1, 2, 1, 12)",2936.3695467223224,2953.2359711266618
"(0, 1, 1)","(1, 2, 2, 12)",2723.620821198808,2744.5826336461823
"(0, 1, 1)","(2, 0, 0, 12)",2937.3205306750588,2954.2971982777135
"(0, 1, 1)","(2, 0, 1, 12)",2821.6117235958295,2842.832558099148
"(0, 1, 1)","(2, 0, 2, 12)",2809.7296136948435,2835.1712687658683
"(0, 1, 1)","(2, 1, 0, 12)",2811.4977152848833,2828.3800759652822
"(0, 1, 1)","(2, 1, 1, 12)",2712.1460458684323,2733.248996718931
"(0, 1, 1)","(2, 1, 2, 12)",2693.7741236349407,2719.0737602414497
"(0, 1, 1)","(2, 2, 0, 12)",3057.8837429621694,3074.6695194733475
"(0, 1, 1)","(2, 2, 1, 12)",2802.3674586561815,2823.349679295154
"(0, 1, 1)","(2, 2, 2, 12)",2730.6314209750835,2755.785595911933
"(0, 1, 2)","(0, 0, 0, 12)",3234.092450028606,3246.944852511818
"(0, 1, 2)","(0, 0, 1, 12)",3106.9501467063005,3123.996113443585
"(0, 1, 2)","(0, 0, 2, 12)",3012.658037894851,3033.8496610200486
"(0, 1, 2)","(0, 1, 0, 12)",3147.096265888448,3159.880740941411
"(0, 1, 2)","(0, 1, 1, 12)",2778.4743997161513,2795.427698216309
"(0, 1, 2)","(0, 1, 2, 12)",2673.5295676618516,2694.6026081539626
"(0, 1, 2)","(0, 2, 0, 12)",3582.741275623569,3595.4562494986876
"(0, 1, 2)","(0, 2, 1, 12)",2985.0903607866035,3001.9487931802923
"(0, 1, 2)","(0, 2, 2, 12)",2715.755019757379,2736.7065967866447
"(0, 1, 2)","(1, 0, 0, 12)",3044.9840733552533,3062.052875549419
"(0, 1, 2)","(1, 0, 1, 12)",2878.9499463445077,2900.257404766113
"(0, 1, 2)","(1, 0, 2, 12)",2768.396040068956,2793.8259878191934
"(0, 1, 2)","(1, 1, 0, 12)",2941.4439413229566,2958.4206089256113
"(0, 1, 2)","(1, 1, 1, 12)",2770.422741064223,2791.6143641894205
"(0, 1, 2)","(1, 1, 2, 12)",2675.104888302678,2700.392536893211
"(0, 1, 2)","(1, 2, 0, 12)",3236.1978110889654,3253.0801717693644
"(0, 1, 2)","(1, 2, 1, 12)",2903.4567458933243,2924.5297863854353
"(0, 1, 2)","(1, 2, 2, 12)",2699.296328676459,2724.4382211115776
"(0, 1, 2)","(2, 0, 0, 12)",2903.632280761524,2924.8531152648425
"(0, 1, 2)","(2, 0, 1, 12)",2804.230461408836,2829.6954628128187
"(0, 1, 2)","(2, 0, 2, 12)",2769.8273791982583,2799.495651573535
"(0, 1, 2)","(2, 1, 0, 12)",2789.2906661105753,2810.393616961074
"(0, 1, 2)","(2, 1, 1, 12)",2704.141490305089,2729.4650313256875
"(0, 1, 2)","(2, 1, 2, 12)",2668.942726557205,2698.44498324616
"(0, 1, 2)","(2, 2, 0, 12)",3033.7419257459132,3054.724146384886
"(0, 1, 2)","(2, 2, 1, 12)",2781.170243206549,2806.3489079733163
"(0, 1, 2)","(2, 2, 2, 12)",2686.6180859493534,2715.9502937903253
"(0, 2, 0)","(0, 0, 0, 12)",3641.5157134131778,3645.801711507687
"(0, 2, 0)","(0, 0, 1, 12)",3559.6654617600852,3568.1922582852685
"(0, 2, 0)","(0, 0, 2, 12)",3489.1878313410716,3501.908658876584
"(0, 2, 0)","(0, 1, 0, 12)",3831.7343872636857,3835.9977855262773
"(0, 2, 0)","(0, 1, 1, 12)",3447.6185219840013,3456.099073674343
"(0, 2, 0)","(0, 1, 2, 12)",3352.5243805673663,3365.174198870621
"(0, 2, 0)","(0, 2, 0, 12)",4303.841814468611,4308.082090313782
"(0, 2, 0)","(0, 2, 1, 12)",3701.726448152482,3710.159660354652
"(0, 2, 0)","(0, 2, 2, 12)",3344.934873228407,3357.5119606968315
"(0, 2, 0)","(1, 0, 0, 12)",3563.2389617595836,3571.769564185059
"(0, 2, 0)","(1, 0, 1, 12)",3523.9582125704164,3536.7484073581913
"(0, 2, 0)","(1, 0, 2, 12)",3452.5917965061744,3469.5528998868576
"(0, 2, 0)","(1, 1, 0, 12)",3640.035858426074,3648.520304956984
"(0, 2, 0)","(1, 1, 1, 12)",3449.6182038259176,3462.33903136143
"(0, 2, 0)","(1, 1, 2, 12)",3342.130269697698,3358.9966941020375
"(0, 2, 0)","(1, 2, 0, 12)",3967.295430328614,3975.7326305679976
"(0, 2, 0)","(1, 2, 1, 12)",3601.590606639665,3614.2404249429196
"(0, 2, 0)","(1, 2, 2, 12)",3346.934472041771,3363.7039219996705
"(0, 2, 0)","(2, 0, 0, 12)",3491.7968050549644,3504.52347485133
"(0, 2, 0)","(2, 0, 1, 12)",3458.9782865441484,3475.9471796059693
"(0, 2, 0)","(2, 0, 2, 12)",3445.301521774142,3466.502900999996
"(0, 2, 0)","(2, 1, 0, 12)",3449.78751284028,3462.4433131993555
"(0, 2, 0)","(2, 1, 1, 12)",3387.7456339244945,3404.6200344032613
"(0, 2, 0)","(2, 1, 2, 12)",3344.1138778745576,3365.196908379982
"(0, 2, 0)","(2, 2, 0, 12)",3691.7720771051727,3704.355293278487
"(0, 2, 0)","(2, 2, 1, 12)",3425.372247017248,3442.1498685816664
"(0, 2, 0)","(2, 2, 2, 12)",3348.8840495381705,3369.845861985545
"(0, 2, 1)","(0, 0, 0, 12)",3247.9523074833064,3256.520575805448
"(0, 2, 1)","(0, 0, 1, 12)",3126.753543086739,3139.5380181397018
"(0, 2, 1)","(0, 0, 2, 12)",3047.3094894512024,3064.26278795136
"(0, 2, 1)","(0, 1, 0, 12)",3291.2208828105468,3299.743866179189
"(0, 2, 1)","(0, 1, 1, 12)",2927.019533235378,2939.7345071104965
"(0, 2, 1)","(0, 1, 2, 12)",2843.4383454407475,2860.2967778344364
"(0, 2, 1)","(0, 2, 0, 12)",3769.271208245746,3777.747857495825
"(0, 2, 1)","(0, 2, 1, 12)",3178.2417382114854,3190.885562506752
"(0, 2, 1)","(0, 2, 2, 12)",2857.070870460085,2873.832132083498
"(0, 2, 1)","(1, 0, 0, 12)",3114.7492109530945,3127.5451145913075
"(0, 2, 1)","(1, 0, 1, 12)",3004.0868955702545,3021.1328623075387
"(0, 2, 1)","(1, 0, 2, 12)",2937.231807495503,2958.4234306207004
"(0, 2, 1)","(1, 1, 0, 12)",3117.3658293015014,3130.092499097867
"(0, 2, 1)","(1, 1, 1, 12)",2929.0204589749055,2945.9737574750634
"(0, 2, 1)","(1, 1, 2, 12)",2838.2042074299125,2859.2772479220234
"(0, 2, 1)","(1, 2, 0, 12)",3449.3607816404483,3462.0165819995236
"(0, 2, 1)","(1, 2, 1, 12)",3082.6090573067254,3099.4674897004143
"(0, 2, 1)","(1, 2, 2, 12)",2859.063089877964,2880.0146669072296
"(0, 2, 1)","(2, 0, 0, 12)",3031.492899124645,3048.461792186466
"(0, 2, 1)","(2, 0, 1, 12)",2950.8231202663474,2972.034236593623
"(0, 2, 1)","(2, 0, 2, 12)",2930.7380423151976,2956.167990065435
"(0, 2, 1)","(2, 1, 0, 12)",2953.9906730944645,2970.8650735732313
"(0, 2, 1)","(2, 1, 1, 12)",2882.4090541732858,2903.5020547717445
"(0, 2, 1)","(2, 1, 2, 12)",2840.5437973749968,2865.83144596553
"(0, 2, 1)","(2, 2, 0, 12)",3204.991207266171,3221.7688288305894
"(0, 2, 1)","(2, 2, 1, 12)",2946.4640976405162,2967.4361245960395
"(0, 2, 1)","(2, 2, 2, 12)",2885.371786297661,2910.5136787327797
"(0, 2, 2)","(0, 0, 0, 12)",3243.832737313127,3256.679537553815
"(0, 2, 2)","(0, 0, 1, 12)",3108.062767847604,3125.1010937038636
"(0, 2, 2)","(0, 0, 2, 12)",3012.5907906655684,3033.772638616587
"(0, 2, 2)","(0, 1, 0, 12)",3155.701608729301,3168.4803531214957
"(0, 2, 2)","(0, 1, 1, 12)",2812.893840047516,2829.8393184083307
"(0, 2, 2)","(0, 1, 2, 12)",2703.1072377523355,2724.1702682310934
"(0, 2, 2)","(0, 2, 0, 12)",3619.0794610016437,3631.788569772255
"(0, 2, 2)","(0, 2, 1, 12)",3034.111648637344,3050.96207302035
"(0, 2, 2)","(0, 2, 2, 12)",2743.1292890787486,2764.0706096941617
"(0, 2, 2)","(1, 0, 0, 12)",3069.9814004092786,3087.0426052602293
"(0, 2, 2)","(1, 0, 1, 12)",2896.325603231697,2917.623510552022
"(0, 2, 2)","(1, 0, 2, 12)",2808.967218958579,2834.385436499801
"(0, 2, 2)","(1, 1, 0, 12)",2970.531361490095,2987.500254551916
"(0, 2, 2)","(1, 1, 1, 12)",2803.8781928324433,2825.060040783462
"(0, 2, 2)","(1, 1, 2, 12)",2703.872796430439,2729.148433004948
"(0, 2, 2)","(1, 2, 0, 12)",3269.9741369519825,3286.8485374307493
"(0, 2, 2)","(1, 2, 1, 12)",2936.4345309268247,2957.4975614055825
"(0, 2, 2)","(1, 2, 2, 12)",2733.738560645209,2758.8681453837044
"(0, 2, 2)","(2, 0, 0, 12)",2943.9121513849323,2965.123267712208
"(0, 2, 2)","(2, 0, 1, 12)",2830.372909233954,2855.826248826685
"(0, 2, 2)","(2, 0, 2, 12)",2808.270448480618,2837.925035612044
"(0, 2, 2)","(2, 1, 0, 12)",2818.210509557916,2839.3035101563746
"(0, 2, 2)","(2, 1, 1, 12)",2715.5355935021444,2740.8471942202946
"(0, 2, 2)","(2, 1, 2, 12)",2695.4976890153594,2724.98593168562
"(0, 2, 2)","(2, 2, 0, 12)",3064.1989643229335,3085.1709912784568
"(0, 2, 2)","(2, 2, 1, 12)",2813.805287116637,2838.971719463265
"(0, 2, 2)","(2, 2, 2, 12)",2735.1903215639177,2764.508170425496
"(1, 0, 0)","(0, 0, 0, 12)",3257.557364396247,3266.136795538065
"(1, 0, 0)","(0, 0, 1, 12)",3136.11680836918,3148.918410014804
"(1, 0, 0)","(0, 0, 2, 12)",3061.3138031713015,3078.2904707739563
"(1, 0, 0)","(0, 1, 0, 12)",3109.2432666751993,3117.777667772282
"(1, 0, 0)","(0, 1, 1, 12)",2827.6594572660215,2840.391957968013
"(1, 0, 0)","(0, 1, 2, 12)",2732.3862975783527,2749.2686582587517
"(1, 0, 0)","(0, 2, 0, 12)",3560.1766287986843,3568.6649626000117
"(1, 0, 0)","(0, 2, 1, 12)",2997.5284148200117,3010.1901853303107
"(1, 0, 0)","(0, 2, 2, 12)",2754.9386917677066,2771.7244682788846
"(1, 0, 0)","(1, 0, 0, 12)",3110.8938983401495,3123.6954999857735
"(1, 0, 0)","(1, 0, 1, 12)",2899.0490078093144,2916.11781000348
"(1, 0, 0)","(1, 0, 2, 12)",2817.007036836222,2838.227871339541
"(1, 0, 0)","(1, 1, 0, 12)",2930.529644884463,2943.262145586454
"(1, 0, 0)","(1, 1, 1, 12)",2812.7131250644156,2829.6897926670704
"(1, 0, 0)","(1, 1, 2, 12)",2734.3706956229826,2755.473646473481
"(1, 0, 0)","(1, 2, 0, 12)",3220.4632127451714,3233.1249832554704
"(1, 0, 0)","(1, 2, 1, 12)",2919.605132115308,2936.487492795707
"(1, 0, 0)","(1, 2, 2, 12)",2752.36158155885,2773.3438021978227
"(1, 0, 0)","(2, 0, 0, 12)",2932.5238024383743,2949.500470041029
"(1, 0, 0)","(2, 0, 1, 12)",2817.5077624678775,2838.728596971196
"(1, 0, 0)","(2, 0, 2, 12)",2819.127374857126,2844.5923762611087
"(1, 0, 0)","(2, 1, 0, 12)",2790.1334999354417,2807.0158606158407
"(1, 0, 0)","(2, 1, 1, 12)",2735.199045642674,2756.3019964931723
"(1, 0, 0)","(2, 1, 2, 12)",2736.3637982558394,2761.687339276438
"(1, 0, 0)","(2, 2, 0, 12)",3011.2597329471473,3028.0455094583253
"(1, 0, 0)","(2, 2, 1, 12)",2780.9204031000763,2801.902623739049
"(1, 0, 0)","(2, 2, 2, 12)",2765.8156481789756,2790.994312945743
"(1, 0, 1)","(0, 0, 0, 12)",3253.434503079874,3266.298078760359
"(1, 0, 1)","(0, 0, 1, 12)",3117.637112872151,3134.698317723102
"(1, 0, 1)","(0, 0, 2, 12)",3028.3072837850837,3049.5184001123594
"(1, 0, 1)","(0, 1, 0, 12)",3084.4296987574207,3097.225602395634
"(1, 0, 1)","(0, 1, 1, 12)",2790.715491195209,2807.6843842570297
"(1, 0, 1)","(0, 1, 2, 12)",2694.2207110238123,2715.313711622271
"(1, 0, 1)","(0, 2, 0, 12)",3543.8595227420356,3556.586192538401
"(1, 0, 1)","(0, 2, 1, 12)",2976.898090464721,2993.772490943488
"(1, 0, 1)","(0, 2, 2, 12)",2718.987280478962,2739.9593074344853
"(1, 0, 1)","(1, 0, 0, 12)",3090.8425665397426,3107.911368733908
"(1, 0, 1)","(1, 0, 1, 12)",2862.232205037641,2883.5587111013297
"(1, 0, 1)","(1, 0, 2, 12)",2786.2777368839797,2811.7310764767108
"(1, 0, 1)","(1, 1, 0, 12)",2922.78498988287,2939.7616574855247
"(1, 0, 1)","(1, 1, 1, 12)",2787.8470006672924,2809.058116994568
"(1, 0, 1)","(1, 1, 2, 12)",2696.018180893061,2721.3297816112113
"(1, 0, 1)","(1, 2, 0, 12)",3219.0476068169946,3235.9299674973936
"(1, 0, 1)","(1, 2, 1, 12)",2903.699167583113,2924.792168181572
"(1, 0, 1)","(1, 2, 2, 12)",2716.9429294844085,2742.1093618310365
"(1, 0, 1)","(2, 0, 0, 12)",2925.0329494241787,2946.2537839274974
"(1, 0, 1)","(2, 0, 1, 12)",2790.8312286920136,2816.296230095996
"(1, 0, 1)","(2, 0, 2, 12)",2788.3909873458315,2818.086550204018
"(1, 0, 1)","(2, 1, 0, 12)",2781.51460412276,2802.6175549732584
"(1, 0, 1)","(2, 1, 1, 12)",2704.9021074757125,2730.225648496311
"(1, 0, 1)","(2, 1, 2, 12)",2694.046317722219,2723.5765185600612
"(1, 0, 1)","(2, 2, 0, 12)",3010.6228250362888,3031.6050456752614
"(1, 0, 1)","(2, 2, 1, 12)",2772.299142116673,2797.4778068834403
"(1, 0, 1)","(2, 2, 2, 12)",2728.187999660692,2757.548837398425
"(1, 0, 2)","(0, 0, 0, 12)",3240.8437032226175,3257.987695600653
"(1, 0, 2)","(0, 0, 1, 12)",3113.2421399098257,3134.559131222784
"(1, 0, 2)","(0, 0, 2, 12)",2985.8510285915663,3011.292683662591
"(1, 0, 2)","(0, 1, 0, 12)",3078.969083581725,3096.0226766320916
"(1, 0, 2)","(0, 1, 1, 12)",2777.9376031986494,2799.1389824245034
"(1, 0, 2)","(0, 1, 2, 12)",2676.9706796687396,2702.2703162752487
"(1, 0, 2)","(0, 2, 0, 12)",3523.767066819404,3540.7281702000873
"(1, 0, 2)","(0, 2, 1, 12)",2977.2854035915816,2998.368434097006
"(1, 0, 2)","(0, 2, 2, 12)",2708.1440062892552,2733.2981812261046
"(1, 0, 2)","(1, 0, 0, 12)",3092.580202781041,3113.916205523748
"(1, 0, 2)","(1, 0, 1, 12)",2857.493529221485,2883.073918797035
"(1, 0, 2)","(1, 0, 2, 12)",2774.5727209192382,2804.254651835434
"(1, 0, 2)","(1, 1, 0, 12)",2924.3284491060035,2945.549283609322
"(1, 0, 2)","(1, 1, 1, 12)",2778.557677910253,2803.999332981278
"(1, 0, 2)","(1, 1, 2, 12)",2677.1907760300455,2706.7070187376394
"(1, 0, 2)","(1, 2, 0, 12)",3216.981723811029,3238.0846746615275
"(1, 0, 2)","(1, 2, 1, 12)",2897.3898793673416,2922.6895159738506
"(1, 0, 2)","(1, 2, 2, 12)",2708.6835015652114,2738.0300389915355
"(1, 0, 2)","(2, 0, 0, 12)",2926.399599387595,2951.8646007915777
"(1, 0, 2)","(2, 0, 1, 12)",2792.6074511595857,2822.3166194642317
"(1, 0, 2)","(2, 0, 2, 12)",2775.9138450325718,2809.8360517939377
"(1, 0, 2)","(2, 1, 0, 12)",2778.3426074135473,2803.6661484341457
"(1, 0, 2)","(2, 1, 1, 12)",2691.829718771037,2721.373849961735
"(1, 0, 2)","(2, 1, 2, 12)",2675.0606770008535,2708.7935258095326
"(1, 0, 2)","(2, 2, 0, 12)",3012.2270188940174,3037.4056836607847
"(1, 0, 2)","(2, 2, 1, 12)",2770.394580503552,2799.7696893981133
"(1, 0, 2)","(2, 2, 2, 12)",2711.6057320933405,2745.1446320091395
"(1, 1, 0)","(0, 0, 0, 12)",3251.5826772846594,3260.158394404983
"(1, 1, 0)","(0, 0, 1, 12)",3115.008842240189,3127.804745878402
"(1, 1, 0)","(0, 0, 2, 12)",3027.6157790523657,3044.5846721141866
"(1, 1, 0)","(0, 1, 0, 12)",3201.8574319137115,3210.388034339187
"(1, 1, 0)","(0, 1, 1, 12)",2852.1063148301887,2864.832984626554
"(1, 1, 0)","(0, 1, 2, 12)",2771.2568355515386,2788.1312360303054
"(1, 1, 0)","(0, 2, 0, 12)",3678.711352782154,3687.195799313064
"(1, 1, 0)","(0, 2, 1, 12)",3096.3507789878727,3109.006579346948
"(1, 1, 0)","(0, 2, 2, 12)",2780.749002294637,2797.5266238590557
"(1, 1, 0)","(1, 0, 0, 12)",3066.541789803558,3079.337693441771
"(1, 1, 0)","(1, 0, 1, 12)",2924.7386235781687,2941.7998284291193
"(1, 1, 0)","(1, 0, 2, 12)",2856.420294040391,2877.631410367667
"(1, 1, 0)","(1, 1, 0, 12)",3018.443304053817,3031.1699738501825
"(1, 1, 0)","(1, 1, 1, 12)",2852.5235328291706,2869.4924258909914
"(1, 1, 0)","(1, 1, 2, 12)",2771.6811183782866,2792.7741189767453
"(1, 1, 0)","(1, 2, 0, 12)",3339.077380149845,3351.73318050892
"(1, 1, 0)","(1, 2, 1, 12)",3003.1359786788516,3020.0103791576184
"(1, 1, 0)","(1, 2, 2, 12)",2780.7129742783445,2801.6850012338678
"(1, 1, 0)","(2, 0, 0, 12)",2964.3355661874784,2981.3044592492993
"(1, 1, 0)","(2, 0, 1, 12)",2856.6288637611933,2877.839980088469
"(1, 1, 0)","(2, 0, 2, 12)",2856.7934661111394,2882.2468057038705
"(1, 1, 0)","(2, 1, 0, 12)",2868.1862463402335,2885.0606468190003
"(1, 1, 0)","(2, 1, 1, 12)",2773.287620474507,2794.380621072966
"(1, 1, 0)","(2, 1, 2, 12)",2773.1718487995163,2798.4834495176665
"(1, 1, 0)","(2, 2, 0, 12)",3123.1042370857053,3139.881858650124
"(1, 1, 0)","(2, 2, 1, 12)",2858.6921450741,2879.6641720296234
"(1, 1, 0)","(2, 2, 2, 12)",2801.9453999786783,2827.1118323253063
"(1, 1, 1)","(0, 0, 0, 12)",3245.5160514643553,3258.374045747882
"(1, 1, 1)","(0, 0, 1, 12)",3109.7383668577195,3126.791959908086
"(1, 1, 1)","(0, 0, 2, 12)",3022.9928886913,3044.194267917154
"(1, 1, 1)","(0, 1, 0, 12)",3131.0130237524486,3143.8032185402235
"(1, 1, 1)","(0, 1, 1, 12)",2774.4293458780744,2791.3904492587576
"(1, 1, 1)","(0, 1, 2, 12)",2675.1536114852506,2696.236641990675
"(1, 1, 1)","(0, 2, 0, 12)",3579.0258645474532,3591.7466920829656
"(1, 1, 1)","(0, 2, 1, 12)",2986.4976778879354,3003.3641022922748
"(1, 1, 1)","(0, 2, 2, 12)",2708.3953206776014,2729.357133124976
"(1, 1, 1)","(1, 0, 0, 12)",2983.4774298510283,3000.538634701979
"(1, 1, 1)","(1, 0, 1, 12)",2864.330244697381,2885.6472360103394
"(1, 1, 1)","(1, 0, 2, 12)",2774.3488062306133,2799.790461301638
"(1, 1, 1)","(1, 1, 0, 12)",2926.6953442083195,2943.6642372701403
"(1, 1, 1)","(1, 1, 1, 12)",2769.6800561428327,2790.8814353686867
"(1, 1, 1)","(1, 1, 2, 12)",2676.764353445058,2702.063990051567
"(1, 1, 1)","(1, 2, 0, 12)",3220.411798522167,3237.2861990009337
"(1, 1, 1)","(1, 2, 1, 12)",2905.714915752986,2926.7979462584103
"(1, 1, 1)","(1, 2, 2, 12)",2696.3200538703504,2721.4742288072
"(1, 1, 1)","(2, 0, 0, 12)",2877.5132283559506,2898.7243446832263
"(1, 1, 1)","(2, 0, 1, 12)",2783.3421110083814,2808.7954506011124
"(1, 1, 1)","(2, 0, 2, 12)",2774.601945871834,2804.2838767880294
"(1, 1, 1)","(2, 1, 0, 12)",2774.2221565988993,2795.315157197358
"(1, 1, 1)","(2, 1, 1, 12)",2679.215657950589,2704.5272586687393
"(1, 1, 1)","(2, 1, 2, 12)",2668.991281941854,2698.507524649448
"(1, 1, 1)","(2, 2, 0, 12)",3014.2519153802527,3035.223942335776
"(1, 1, 1)","(2, 2, 1, 12)",2767.6556168842426,2792.8220492308706
"(1, 1, 1)","(2, 2, 2, 12)",2711.239481010736,2740.5860184370604
"(1, 1, 2)","(0, 0, 0, 12)",3169.544474993908,3186.681011638191
"(1, 1, 2)","(0, 0, 1, 12)",3028.8845122174225,3050.1919706390277
"(1, 1, 2)","(0, 0, 2, 12)",2930.7570158043454,2956.1869635545827
"(1, 1, 2)","(0, 1, 0, 12)",3136.0783569061514,3153.1243236434357
"(1, 1, 2)","(0, 1, 1, 12)",2768.6277846641306,2789.819407789328
"(1, 1, 2)","(0, 1, 2, 12)",2669.661343735113,2694.948992325646
"(1, 1, 2)","(0, 2, 0, 12)",3592.261415856329,3609.214714356487
"(1, 1, 2)","(0, 2, 1, 12)",2969.0511273423235,2990.1241678344345
"(1, 1, 2)","(0, 2, 2, 12)",2707.7593277630135,2732.9012201981323
"(1, 1, 2)","(1, 0, 0, 12)",2981.0030280994106,3002.329534163099
"(1, 1, 2)","(1, 0, 1, 12)",2853.607120563928,2879.1760706698547
"(1, 1, 2)","(1, 0, 2, 12)",2755.460270471628,2785.1285428469046
"(1, 1, 2)","(1, 1, 0, 12)",2946.731751417126,2967.9428677444016
"(1, 1, 2)","(1, 1, 1, 12)",2760.3634105363544,2785.7933582865917
"(1, 1, 2)","(1, 1, 2, 12)",2670.778983165537,2700.281239854492
"(1, 1, 2)","(1, 2, 0, 12)",3218.8627708062004,3239.955771404659
"(1, 1, 2)","(1, 2, 1, 12)",2893.7998476378516,2919.0874962283847
"(1, 1, 2)","(1, 2, 2, 12)",2695.564257360378,2724.89646520135
"(1, 1, 2)","(2, 0, 0, 12)",2876.4008296987486,2901.8541692914796
"(1, 1, 2)","(2, 0, 1, 12)",2778.524188497723,2808.2197513559095
"(1, 1, 2)","(2, 0, 2, 12)",2757.3872227960037,2791.29381979632
"(1, 1, 2)","(2, 1, 0, 12)",2775.2793186144568,2800.590919332607
"(1, 1, 2)","(2, 1, 1, 12)",2680.5510328385044,2710.0812336763465
"(1, 1, 2)","(2, 1, 2, 12)",2664.9203446964048,2698.6372094837825
"(1, 1, 2)","(2, 2, 0, 12)",3013.5036712176548,3038.6701035642827
"(1, 1, 2)","(2, 2, 1, 12)",2768.8695068240477,2798.2303445617804
"(1, 1, 2)","(2, 2, 2, 12)",2704.566432194596,2738.088955441421
"(1, 2, 0)","(0, 0, 0, 12)",3426.537290965336,3435.1092871543538
"(1, 2, 0)","(0, 0, 1, 12)",3328.8660998599125,3341.6562946476874
"(1, 2, 0)","(0, 0, 2, 12)",3256.6053795490234,3273.5664829297066
"(1, 2, 0)","(0, 1, 0, 12)",3538.7151358571427,3547.241932382326
"(1, 2, 0)","(0, 1, 1, 12)",3174.623242383727,3187.3440699192392
"(1, 2, 0)","(0, 1, 2, 12)",3094.595282813069,3111.4617072174083
"(1, 2, 0)","(0, 2, 0, 12)",4015.6396861692733,4024.120237859615
"(1, 2, 0)","(0, 2, 1, 12)",3428.0382734770983,3440.688091780353
"(1, 2, 0)","(0, 2, 2, 12)",3094.408582816065,3111.1780327739643
"(1, 2, 0)","(1, 0, 0, 12)",3317.4125146575775,3330.2027094453524
"(1, 2, 0)","(1, 0, 1, 12)",3246.500593430725,3263.5541864810916
"(1, 2, 0)","(1, 0, 2, 12)",3181.7828427618692,3202.9842219877232
"(1, 2, 0)","(1, 1, 0, 12)",3348.9192557195834,3361.6400832550958
"(1, 2, 0)","(1, 1, 1, 12)",3176.6229384369817,3193.584041817665
"(1, 2, 0)","(1, 1, 2, 12)",3092.4024741788753,3113.4855046842995
"(1, 2, 0)","(1, 2, 0, 12)",3672.8673062474822,3685.5171245507368
"(1, 2, 0)","(1, 2, 1, 12)",3323.5635348651176,3340.429959269457
"(1, 2, 0)","(1, 2, 2, 12)",3096.406582383429,3117.3683948308035
"(1, 2, 0)","(2, 0, 0, 12)",3240.4940777002503,3257.4551810809335
"(1, 2, 0)","(2, 0, 1, 12)",3181.1379249209576,3202.3393041468116
"(1, 2, 0)","(2, 0, 2, 12)",3179.5049346809337,3204.9465897519585
"(1, 2, 0)","(2, 1, 0, 12)",3187.7486444725437,3204.615068876883
"(1, 2, 0)","(2, 1, 1, 12)",3104.140506385308,3125.2235368907322
"(1, 2, 0)","(2, 1, 2, 12)",3094.3466493768456,3119.6462859833546
"(1, 2, 0)","(2, 2, 0, 12)",3442.385802007714,3459.1552519656134
"(1, 2, 0)","(2, 2, 1, 12)",3173.2369255667077,3194.198738014082
"(1, 2, 0)","(2, 2, 2, 12)",3121.8117421543966,3146.965917091246
"(1, 2, 1)","(0, 0, 0, 12)",3249.0698666178887,3261.922269101101
"(1, 2, 1)","(0, 0, 1, 12)",3111.6529051969574,3128.6988719342417
"(1, 2, 1)","(0, 0, 2, 12)",3020.7725598936677,3041.9641830188652
"(1, 2, 1)","(0, 1, 0, 12)",3199.3019468187113,3212.0864218716742
"(1, 2, 1)","(0, 1, 1, 12)",2848.2462423280917,2865.1995408282496
"(1, 2, 1)","(0, 1, 2, 12)",2767.6845675221243,2788.7576080142353
"(1, 2, 1)","(0, 2, 0, 12)",3673.453690231353,3686.1686641064716
"(1, 2, 1)","(0, 2, 1, 12)",3093.799418682859,3110.657851076548
"(1, 2, 1)","(0, 2, 2, 12)",2784.64750839877,2805.5990854280353
"(1, 2, 1)","(1, 0, 0, 12)",3069.9250760522814,3086.978669102648
"(1, 2, 1)","(1, 0, 1, 12)",2926.802562811636,2948.1100212332412
"(1, 2, 1)","(1, 0, 2, 12)",2855.263986400944,2880.693934151181
"(1, 2, 1)","(1, 1, 0, 12)",3021.424987992322,3038.386091373005
"(1, 2, 1)","(1, 1, 1, 12)",2848.6761000456663,2869.867723170864
"(1, 2, 1)","(1, 1, 2, 12)",2766.341297136811,2791.628945727344
"(1, 2, 1)","(1, 2, 0, 12)",3338.750964564271,3355.61738896861
"(1, 2, 1)","(1, 2, 1, 12)",2999.243949163869,3020.31698965598
"(1, 2, 1)","(1, 2, 2, 12)",2785.661363347578,2810.803255782697
"(1, 2, 1)","(2, 0, 0, 12)",2967.7881148181127,2988.9894940439667
"(1, 2, 1)","(2, 0, 1, 12)",2863.4077185533174,2888.849373624342
"(1, 2, 1)","(2, 0, 2, 12)",2854.660067711651,2884.3283400869277
"(1, 2, 1)","(2, 1, 0, 12)",2867.342384035318,2888.425414540742
"(1, 2, 1)","(2, 1, 1, 12)",2781.498866273082,2806.798502879591
"(1, 2, 1)","(2, 1, 2, 12)",2765.6138180813064,2795.1160747702615
"(1, 2, 1)","(2, 2, 0, 12)",3125.1681536785727,3146.1299661259472
"(1, 2, 1)","(2, 2, 1, 12)",2865.3015643376784,2890.455739274528
"(1, 2, 1)","(2, 2, 2, 12)",2803.2480079133607,2832.5802157543326
"(1, 2, 2)","(0, 0, 0, 12)",3242.721833390443,3259.850900378027
"(1, 2, 2)","(0, 0, 1, 12)",3106.3032029197175,3127.601110240042
"(1, 2, 2)","(0, 0, 2, 12)",3013.662888110104,3039.081105651326
"(1, 2, 2)","(0, 1, 0, 12)",3133.5768292179782,3150.615155074238
"(1, 2, 2)","(0, 1, 1, 12)",2782.861134328163,2804.0429822791816
"(1, 2, 2)","(0, 1, 2, 12)",2675.109733412127,2700.385369986636
"(1, 2, 2)","(0, 2, 0, 12)",3579.855831045168,3596.801309405983
"(1, 2, 2)","(0, 2, 1, 12)",3010.1619879692744,3031.225018448032
"(1, 2, 2)","(0, 2, 2, 12)",2712.50805705391,2737.6376417924052
"(1, 2, 2)","(1, 0, 0, 12)",2995.9151658207047,3017.232157133663
"(1, 2, 2)","(1, 0, 1, 12)",2868.4743065781654,2894.031795362555
"(1, 2, 2)","(1, 0, 2, 12)",2775.1117900747095,2804.7663772061355
"(1, 2, 2)","(1, 1, 0, 12)",2933.794284845671,2954.995664071525
"(1, 2, 2)","(1, 1, 1, 12)",2774.3857295898156,2799.8039471310376
"(1, 2, 2)","(1, 1, 2, 12)",2676.6574229908765,2706.145665661137
"(1, 2, 2)","(1, 2, 0, 12)",3229.1339534930894,3250.2169839985136
"(1, 2, 2)","(1, 2, 1, 12)",2904.7006636740525,2929.9763002485615
"(1, 2, 2)","(1, 2, 2, 12)",2706.75627242069,2736.074121282268
"(1, 2, 2)","(2, 0, 0, 12)",2887.2739245426883,2912.715579613713
"(1, 2, 2)","(2, 0, 1, 12)",2797.648456708581,2827.3303876247764
"(1, 2, 2)","(2, 0, 2, 12)",2776.556599595525,2810.4475563171545
"(1, 2, 2)","(2, 1, 0, 12)",2776.7144296889774,2802.0140662954864
"(1, 2, 2)","(2, 1, 1, 12)",2708.5762998501987,2738.0925425577925
"(1, 2, 2)","(2, 1, 2, 12)",2671.8032363904576,2705.50408515647
"(1, 2, 2)","(2, 2, 0, 12)",3026.9207127836603,3052.0748877205097
"(1, 2, 2)","(2, 2, 1, 12)",2777.2186357653627,2806.565173191687
"(1, 2, 2)","(2, 2, 2, 12)",2716.5507988615263,2750.056911846187
"(2, 0, 0)","(0, 0, 0, 12)",3253.257816527934,3266.1213922084194
"(2, 0, 0)","(0, 0, 1, 12)",3121.264158351738,3138.3329605459035
"(2, 0, 0)","(0, 0, 2, 12)",3034.437832408954,3055.6586669122726
"(2, 0, 0)","(0, 1, 0, 12)",3085.026496765369,3097.822400403582
"(2, 0, 0)","(0, 1, 1, 12)",2801.680207029577,2818.656874632232
"(2, 0, 0)","(0, 1, 2, 12)",2713.206623026332,2734.3095738768307
"(2, 0, 0)","(0, 2, 0, 12)",3542.0813446519896,3554.808014448355
"(2, 0, 0)","(0, 2, 1, 12)",2992.460078506664,3009.342439187063
"(2, 0, 0)","(0, 2, 2, 12)",2736.7237254270444,2757.705946066017
"(2, 0, 0)","(1, 0, 0, 12)",3066.8735186120557,3083.9347234630063
"(2, 0, 0)","(1, 0, 1, 12)",2865.2804089137308,2886.6069149774194
"(2, 0, 0)","(1, 0, 2, 12)",2794.7424526771283,2820.207454081111
"(2, 0, 0)","(1, 1, 0, 12)",2916.8244900818677,2933.7933831436885
"(2, 0, 0)","(1, 1, 1, 12)",2785.1023176821946,2806.3134340094703
"(2, 0, 0)","(1, 1, 2, 12)",2714.1034892720536,2739.427030292652
"(2, 0, 0)","(1, 2, 0, 12)",3206.8073583401847,3223.6817588189515
"(2, 0, 0)","(1, 2, 1, 12)",2902.6232564680395,2923.716257066498
"(2, 0, 0)","(1, 2, 2, 12)",2733.0440506214804,2758.2227153882477
"(2, 0, 0)","(2, 0, 0, 12)",2918.80295900238,2940.0140753296555
"(2, 0, 0)","(2, 0, 1, 12)",2788.138895778302,2813.592235371033
"(2, 0, 0)","(2, 0, 2, 12)",2792.4671858286247,2822.162748686811
"(2, 0, 0)","(2, 1, 0, 12)",2775.8964752155607,2796.9894758140194
"(2, 0, 0)","(2, 1, 1, 12)",2706.0779630513307,2731.389563769481
"(2, 0, 0)","(2, 1, 2, 12)",2708.0181451052417,2737.548345943084
"(2, 0, 0)","(2, 2, 0, 12)",3005.1376111449044,3026.1096381004277
"(2, 0, 0)","(2, 2, 1, 12)",2767.4956157797087,2792.6620481263367
"(2, 0, 0)","(2, 2, 2, 12)",2739.9127041798583,2769.273541917591
"(2, 0, 1)","(0, 0, 0, 12)",3252.8891570246337,3270.040591265281
"(2, 0, 1)","(0, 0, 1, 12)",3116.1982121039073,3137.524718167596
"(2, 0, 1)","(0, 0, 2, 12)",3029.3212472873956,3054.7745868801267
"(2, 0, 1)","(0, 1, 0, 12)",3084.224859087787,3101.2860639387377
"(2, 0, 1)","(0, 1, 1, 12)",2771.6191824445814,2792.830298771857
"(2, 0, 1)","(0, 1, 2, 12)",2677.2821390699514,2702.5937397881016
"(2, 0, 1)","(0, 2, 0, 12)",3538.7643514811352,3555.733244542956
"(2, 0, 1)","(0, 2, 1, 12)",2981.6395175949465,3002.732518193405
"(2, 0, 1)","(0, 2, 2, 12)",2704.4597826145687,2729.6262149611966
"(2, 0, 1)","(1, 0, 0, 12)",3071.085332662815,3092.4118387265034
"(2, 0, 1)","(1, 0, 1, 12)",2893.492984346437,2919.084791622863
"(2, 0, 1)","(1, 0, 2, 12)",2790.5107040056155,2820.206266863802
"(2, 0, 1)","(1, 1, 0, 12)",2916.6317875268087,2937.8429038540844
"(2, 0, 1)","(1, 1, 1, 12)",2772.2609386578356,2797.7142782505666
"(2, 0, 1)","(1, 1, 2, 12)",2677.9793746489772,2707.5095754868194
"(2, 0, 1)","(1, 2, 0, 12)",3205.800265650835,3226.893266249294
"(2, 0, 1)","(1, 2, 1, 12)",2903.285560246757,2928.5971609649073
"(2, 0, 1)","(1, 2, 2, 12)",2705.1479201388725,2734.508757876605
"(2, 0, 1)","(2, 0, 0, 12)",2971.1520108879804,2996.6053504807114
"(2, 0, 1)","(2, 0, 1, 12)",2799.358816758193,2829.0543796163793
"(2, 0, 1)","(2, 0, 2, 12)",2775.915806002879,2809.85359212652
"(2, 0, 1)","(2, 1, 0, 12)",2765.04200499545,2790.3536057136002
"(2, 0, 1)","(2, 1, 1, 12)",2678.6143246875763,2708.1445255254184
"(2, 0, 1)","(2, 1, 2, 12)",2675.8433686055123,2709.592169563046
"(2, 0, 1)","(2, 2, 0, 12)",3005.966225503198,3031.132657849826
"(2, 0, 1)","(2, 2, 1, 12)",2758.4468324333193,2787.807670171052
"(2, 0, 1)","(2, 2, 2, 12)",2695.0335644601696,2728.588807589007
"(2, 0, 2)","(0, 0, 0, 12)",3242.5849953397183,3264.0149858122627
"(2, 0, 2)","(0, 0, 1, 12)",3112.7338568049217,3138.3142463804716
"(2, 0, 2)","(0, 0, 2, 12)",3018.6145318203708,3048.2964627365664
"(2, 0, 2)","(0, 1, 0, 12)",3065.4760025635974,3086.7929938765556
"(2, 0, 2)","(0, 1, 1, 12)",2772.465460248344,2797.9071153193686
"(2, 0, 2)","(0, 1, 2, 12)",2689.413012861977,2718.929255569571
"(2, 0, 2)","(0, 2, 0, 12)",3460.627285451733,3481.828664677587
"(2, 0, 2)","(0, 2, 1, 12)",2961.186397702276,2986.486034308785
"(2, 0, 2)","(0, 2, 2, 12)",2705.9583853957433,2735.3049228220675
"(2, 0, 2)","(1, 0, 0, 12)",2985.837953783185,3011.4297610596113
"(2, 0, 2)","(1, 0, 1, 12)",2852.677493739179,2882.5212815773207
"(2, 0, 2)","(1, 0, 2, 12)",2769.2053057939474,2803.1275125553134
"(2, 0, 2)","(1, 1, 0, 12)",2912.5685802661314,2938.0219198588625
"(2, 0, 2)","(1, 1, 1, 12)",2779.516895771689,2809.198826687885
"(2, 0, 2)","(1, 1, 2, 12)",2671.932053361793,2705.664902170472
"(2, 0, 2)","(1, 2, 0, 12)",3194.954228513746,3220.265829231896
"(2, 0, 2)","(1, 2, 1, 12)",2894.674188377918,2924.190431085512
"(2, 0, 2)","(1, 2, 2, 12)",2711.508615905149,2745.047515820948
"(2, 0, 2)","(2, 0, 0, 12)",2919.1567958695814,2948.8523587277678
"(2, 0, 2)","(2, 0, 1, 12)",2790.7977955751057,2824.735581698747
"(2, 0, 2)","(2, 0, 2, 12)",2783.773559530471,2821.936042137008
"(2, 0, 2)","(2, 1, 0, 12)",2772.1698630105243,2801.7000638483664
"(2, 0, 2)","(2, 1, 1, 12)",2701.4560186948793,2735.204819652413
"(2, 0, 2)","(2, 1, 2, 12)",2688.499862688185,2726.449317597949
"(2, 0, 2)","(2, 2, 0, 12)",3007.9629163171894,3037.323754054922
"(2, 0, 2)","(2, 2, 1, 12)",2759.969437437092,2793.5246805659294
"(2, 0, 2)","(2, 2, 2, 12)",2694.7992278261004,2732.530490231374
"(2, 1, 0)","(0, 0, 0, 12)",3241.544840829095,3254.4028351126217
"(2, 1, 0)","(0, 0, 1, 12)",3116.10420476278,3133.1654096137304
"(2, 1, 0)","(0, 0, 2, 12)",3029.615332115461,3050.826448442737
"(2, 1, 0)","(0, 1, 0, 12)",3184.236665174536,3197.026859962311
"(2, 1, 0)","(0, 1, 1, 12)",2843.905432355503,2860.8743254173237
"(2, 1, 0)","(0, 1, 2, 12)",2755.011417528336,2776.104418126795
"(2, 1, 0)","(0, 2, 0, 12)",3657.589095823132,3670.3099233586445
"(2, 1, 0)","(0, 2, 1, 12)",3078.9521689271305,3095.8265694058973
"(2, 1, 0)","(0, 2, 2, 12)",2771.9616605428882,2792.9336874984115
"(2, 1, 0)","(1, 0, 0, 12)",3061.9595580348923,3079.013151085259
"(2, 1, 0)","(1, 0, 1, 12)",2912.7348689161154,2934.0518602290736
"(2, 1, 0)","(1, 0, 2, 12)",2845.704925244499,2871.15826483723
"(2, 1, 0)","(1, 1, 0, 12)",3001.47759402899,3018.4386974096733
"(2, 1, 0)","(1, 1, 1, 12)",2836.7606118409776,2857.9619910668316
"(2, 1, 0)","(1, 1, 2, 12)",2755.586127792165,2780.897728510315
"(2, 1, 0)","(1, 2, 0, 12)",3312.834486034614,3329.7009104389535
"(2, 1, 0)","(1, 2, 1, 12)",2982.8174915788913,3003.9005220843155
"(2, 1, 0)","(1, 2, 2, 12)",2772.8014262847582,2797.967858631386
"(2, 1, 0)","(2, 0, 0, 12)",2955.5506975055755,2976.7520767314295
"(2, 1, 0)","(2, 0, 1, 12)",2840.5213470727454,2865.96300214377
"(2, 1, 0)","(2, 0, 2, 12)",2841.5634132711934,2871.245344187389
"(2, 1, 0)","(2, 1, 0, 12)",2843.678392244731,2864.7614227501554
"(2, 1, 0)","(2, 1, 1, 12)",2754.3090424705897,2779.6086790770987
"(2, 1, 0)","(2, 1, 2, 12)",2745.2044835932047,2774.7207263007986
"(2, 1, 0)","(2, 2, 0, 12)",3099.9980489866275,3120.959861434002
"(2, 1, 0)","(2, 2, 1, 12)",2836.4722069442414,2861.6263818810908
"(2, 1, 0)","(2, 2, 2, 12)",2778.600156927697,2807.946694354021
"(2, 1, 1)","(0, 0, 0, 12)",3243.476745008346,3260.6207373863813
"(2, 1, 1)","(0, 0, 1, 12)",3111.252841937847,3132.569833250805
"(2, 1, 1)","(0, 0, 2, 12)",3018.0607907646963,3043.502445835721
"(2, 1, 1)","(0, 1, 0, 12)",3096.810382222162,3113.8639752725285
"(2, 1, 1)","(0, 1, 1, 12)",2779.080809321573,2800.282188547427
"(2, 1, 1)","(0, 1, 2, 12)",2675.585645898552,2700.885282505061
"(2, 1, 1)","(0, 2, 0, 12)",3573.6990344449205,3590.6601378256037
"(2, 1, 1)","(0, 2, 1, 12)",2984.7314607501166,3005.814491255541
"(2, 1, 1)","(0, 2, 2, 12)",2710.3782649193877,2735.532439856237
"(2, 1, 1)","(1, 0, 0, 12)",2973.0808715376697,2994.397862850628
"(2, 1, 1)","(1, 0, 1, 12)",2857.6392764368347,2883.2196660123846
"(2, 1, 1)","(1, 0, 2, 12)",2771.3397059255467,2801.0216368417423
"(2, 1, 1)","(1, 1, 0, 12)",2917.93342621424,2939.134805440094
"(2, 1, 1)","(1, 1, 1, 12)",2772.1040996943434,2797.545754765368
"(2, 1, 1)","(1, 1, 2, 12)",2677.097345624382,2706.6135883319757
"(2, 1, 1)","(1, 2, 0, 12)",3209.17840457229,3230.2614350777144
"(2, 1, 1)","(1, 2, 1, 12)",2903.0454194009603,2928.3450560074693
"(2, 1, 1)","(1, 2, 2, 12)",2698.3059713728157,2727.65250879914
"(2, 1, 1)","(2, 0, 0, 12)",2869.5196697645324,2894.961324835557
"(2, 1, 1)","(2, 0, 1, 12)",2768.175375314381,2797.857306230577
"(2, 1, 1)","(2, 0, 2, 12)",2768.520324210432,2802.442530971798
"(2, 1, 1)","(2, 1, 0, 12)",2765.786757947345,2791.086394553854
"(2, 1, 1)","(2, 1, 1, 12)",2673.4622284441803,2702.978471151774
"(2, 1, 1)","(2, 1, 2, 12)",2669.8293602338363,2703.5622090425154
"(2, 1, 1)","(2, 2, 0, 12)",3007.2884034838858,3032.442578420735
"(2, 1, 1)","(2, 2, 1, 12)",2761.440050899927,2790.786588326251
"(2, 1, 1)","(2, 2, 2, 12)",2689.08172169908,2722.620621614879
"(2, 1, 2)","(0, 0, 0, 12)",3174.4979826639606,3195.9186534693144
"(2, 1, 2)","(0, 0, 1, 12)",3024.935662496134,3050.50461260206
"(2, 1, 2)","(0, 0, 2, 12)",2921.1259286849354,2950.794201060212
"(2, 1, 2)","(0, 1, 0, 12)",3116.654261799178,3137.9617202207833
"(2, 1, 2)","(0, 1, 1, 12)",2765.295339111198,2790.725286861435
"(2, 1, 2)","(0, 1, 2, 12)",2668.512294612681,2698.0145513016364
"(2, 1, 2)","(0, 2, 0, 12)",3555.4330786134983,3576.624701738696
"(2, 1, 2)","(0, 2, 1, 12)",2974.3686375582824,2999.6562861488155
"(2, 1, 2)","(0, 2, 2, 12)",2706.586737400966,2735.9189452419378
"(2, 1, 2)","(1, 0, 0, 12)",2970.0041469391435,2995.5845365146934
"(2, 1, 2)","(1, 0, 1, 12)",2852.916021079843,2882.7464628700905
"(2, 1, 2)","(1, 0, 2, 12)",2756.882606319152,2790.789203319468
"(2, 1, 2)","(1, 1, 0, 12)",2918.019048326066,2943.4607033970906
"(2, 1, 2)","(1, 1, 1, 12)",2758.3655763118777,2788.033848687154
"(2, 1, 2)","(1, 1, 2, 12)",2670.4449015336468,2704.1617663210245
"(2, 1, 2)","(1, 2, 0, 12)",3203.177558475949,3228.477195082458
"(2, 1, 2)","(1, 2, 1, 12)",2892.0189693143657,2921.521226003321
"(2, 1, 2)","(1, 2, 2, 12)",2694.0931969734884,2727.6157202203135
"(2, 1, 2)","(2, 0, 0, 12)",2865.503498484786,2895.185429400982
"(2, 1, 2)","(2, 0, 1, 12)",2773.3350515357797,2807.2572582971457
"(2, 1, 2)","(2, 0, 2, 12)",2758.8175542949057,2796.962475920261
"(2, 1, 2)","(2, 1, 0, 12)",2765.4483199460055,2794.9645626535994
"(2, 1, 2)","(2, 1, 1, 12)",2673.4252647678154,2707.1581135764945
"(2, 1, 2)","(2, 1, 2, 12)",2668.634773845953,2706.566246731753
"(2, 1, 2)","(2, 2, 0, 12)",3001.2431069053546,3030.5896443316788
"(2, 1, 2)","(2, 2, 1, 12)",2761.4591249621135,2794.9980248779125
"(2, 1, 2)","(2, 2, 2, 12)",2702.119908410441,2739.8327470631193
"(2, 2, 0)","(0, 0, 0, 12)",3380.2021999254225,3393.0546024086348
"(2, 2, 0)","(0, 0, 1, 12)",3279.0180198288044,3296.071612879171
"(2, 2, 0)","(0, 0, 2, 12)",3203.455805715064,3224.657184940918
"(2, 2, 0)","(0, 1, 0, 12)",3451.8192051636524,3464.6036802166154
"(2, 2, 0)","(0, 1, 1, 12)",3093.183486064898,3110.144589445581
"(2, 2, 0)","(0, 1, 2, 12)",3010.003551858019,3031.086582363443
"(2, 2, 0)","(0, 2, 0, 12)",3928.9212633558773,3941.636237230996
"(2, 2, 0)","(0, 2, 1, 12)",3349.7051343170706,3366.57155872141
"(2, 2, 0)","(0, 2, 2, 12)",3009.0333707011423,3029.995183148517
"(2, 2, 0)","(1, 0, 0, 12)",3255.5971304817713,3272.6430972190556
"(2, 2, 0)","(1, 0, 1, 12)",3158.164359220761,3179.471817642366
"(2, 2, 0)","(1, 0, 2, 12)",3100.494160641006,3125.935815712031
"(2, 2, 0)","(1, 1, 0, 12)",3259.8283574680963,3276.781655968254
"(2, 2, 0)","(1, 1, 1, 12)",3085.8481838243297,3107.0398069495272
"(2, 2, 0)","(1, 1, 2, 12)",3007.16463370787,3032.464270314379
"(2, 2, 0)","(1, 2, 0, 12)",3583.7488558619634,3600.6072882556523
"(2, 2, 0)","(1, 2, 1, 12)",3235.3377342391273,3256.4107747312382
"(2, 2, 0)","(1, 2, 2, 12)",3011.03069752723,3036.1848724640795
"(2, 2, 0)","(2, 0, 0, 12)",3168.638940492817,3189.8305636180144
"(2, 2, 0)","(2, 0, 1, 12)",3089.5011534907803,3114.9311012410176
"(2, 2, 0)","(2, 0, 2, 12)",3088.5794685737233,3118.2477409489998
"(2, 2, 0)","(2, 1, 0, 12)",3101.0416376885782,3122.114678180689
"(2, 2, 0)","(2, 1, 1, 12)",3005.6859447446914,3030.9735933352245
"(2, 2, 0)","(2, 1, 2, 12)",3003.633289900151,3033.135546589106
"(2, 2, 0)","(2, 2, 0, 12)",3355.7987023012192,3376.750279330485
"(2, 2, 0)","(2, 2, 1, 12)",3087.9642342788534,3113.106126713972
"(2, 2, 0)","(2, 2, 2, 12)",3030.185456013757,3059.517663854729
"(2, 2, 1)","(0, 0, 0, 12)",3244.782476003866,3261.9190126481494
"(2, 2, 1)","(0, 0, 1, 12)",3112.7791118574933,3134.0865702790984
"(2, 2, 1)","(0, 0, 2, 12)",3022.7716517764748,3048.201599526712
"(2, 2, 1)","(0, 1, 0, 12)",3187.8221756066796,3204.868142343964
"(2, 2, 1)","(0, 1, 1, 12)",2839.796410392205,2860.9880335174025
"(2, 2, 1)","(0, 1, 2, 12)",2751.9615603543452,2777.2492089448783
"(2, 2, 1)","(0, 2, 0, 12)",3659.2257245417586,3676.1790230419165
"(2, 2, 1)","(0, 2, 1, 12)",3077.6726633438543,3098.7457038359653
"(2, 2, 1)","(0, 2, 2, 12)",2774.29292329736,2799.434815732479
"(2, 2, 1)","(1, 0, 0, 12)",3065.2151082595246,3086.52256668113
"(2, 2, 1)","(1, 0, 1, 12)",2920.5364985878646,2946.105448693791
"(2, 2, 1)","(1, 0, 2, 12)",2843.6401362677216,2873.308408642998
"(2, 2, 1)","(1, 1, 0, 12)",3001.231096654639,3022.4227197798364
"(2, 2, 1)","(1, 1, 1, 12)",2839.0691590812667,2864.499106831504
"(2, 2, 1)","(1, 1, 2, 12)",2751.195432933032,2780.697689621987
"(2, 2, 1)","(1, 2, 0, 12)",3313.018552795281,3334.091593287392
"(2, 2, 1)","(1, 2, 1, 12)",2987.38029397647,3012.667942567003
"(2, 2, 1)","(1, 2, 2, 12)",2775.5475532101063,2804.8797610510783
"(2, 2, 1)","(2, 0, 0, 12)",2956.127063560743,2981.55701131098
"(2, 2, 1)","(2, 0, 1, 12)",2844.0656068490625,2873.733879224339
"(2, 2, 1)","(2, 0, 2, 12)",2848.2733693166865,2882.1799663170027
"(2, 2, 1)","(2, 1, 0, 12)",2846.248244160901,2871.535892751434
"(2, 2, 1)","(2, 1, 1, 12)",2751.2130123799907,2780.715269068946
"(2, 2, 1)","(2, 1, 2, 12)",2748.964452006012,2782.6813167933897
"(2, 2, 1)","(2, 2, 0, 12)",3102.099703482857,3127.2415959179757
"(2, 2, 1)","(2, 2, 1, 12)",2844.1260660863027,2873.4582739272746
"(2, 2, 1)","(2, 2, 2, 12)",2788.147458098204,2821.669981345029
"(2, 2, 2)","(0, 0, 0, 12)",3241.318653843688,3262.729987578168
"(2, 2, 2)","(0, 0, 1, 12)",3107.689983489675,3133.2474722740644
"(2, 2, 2)","(0, 0, 2, 12)",3010.729925229966,3040.384512361392
"(2, 2, 2)","(0, 1, 0, 12)",3172.451695871821,3193.7496031921455
"(2, 2, 2)","(0, 1, 1, 12)",2778.244034389847,2803.662251931069
"(2, 2, 2)","(0, 1, 2, 12)",2679.2170851912724,2708.705327861533
"(2, 2, 2)","(0, 2, 0, 12)",3635.2487360911773,3656.4305840421957
"(2, 2, 2)","(0, 2, 1, 12)",3072.761546077648,3098.037182652157
"(2, 2, 2)","(0, 2, 2, 12)",2712.426198237776,2741.7440470993542
"(2, 2, 2)","(1, 0, 0, 12)",3059.59056889934,3085.1595190052662
"(2, 2, 2)","(1, 0, 1, 12)",2924.6119260648775,2954.428996313332
"(2, 2, 2)","(1, 0, 2, 12)",2852.74979680354,2886.6407535251697
"(2, 2, 2)","(1, 1, 0, 12)",3001.7644247871085,3027.1943725373458
"(2, 2, 2)","(1, 1, 1, 12)",2774.5113800908966,2804.1659672223227
"(2, 2, 2)","(1, 1, 2, 12)",2685.646840369341,2719.3476891353534
"(2, 2, 2)","(1, 2, 0, 12)",3306.327578887845,3331.615227478378
"(2, 2, 2)","(1, 2, 1, 12)",2906.9400442011665,2936.428286871427
"(2, 2, 2)","(1, 2, 2, 12)",2776.8757202722873,2810.381833256948
"(2, 2, 2)","(2, 0, 0, 12)",2959.9392477989572,2989.6075201742337
"(2, 2, 2)","(2, 0, 1, 12)",2859.717548345091,2893.624145345407
"(2, 2, 2)","(2, 0, 2, 12)",2852.602994657379,2890.7303209692122
"(2, 2, 2)","(2, 1, 0, 12)",2864.205505474681,2893.7077621636363
"(2, 2, 2)","(2, 1, 1, 12)",2711.7777334175616,2745.4945982049394
"(2, 2, 2)","(2, 1, 2, 12)",2673.8648487805976,2711.778303642361
"(2, 2, 2)","(2, 2, 0, 12)",3102.152687146148,3131.48489498712
"(2, 2, 2)","(2, 2, 1, 12)",2856.4712623295172,2889.9937855763424
"(2, 2, 2)","(2, 2, 2, 12)",2724.5990904715336,2762.2934675792767
